algorithm,iterations,level,bestCase,assignment,score,time,inferences
random,100,situation1-1.pl,cbr_15,"[wood0,wood6,wood16,pig1]",0.5833333333333333,0.140754905,1551976
mch,100,situation1-1.pl,cbr_20,"[ice3,stone4,wood6,wood7,ice5,wood0,ice1,pig2,ice8]",0.9158878504672897,0.5844412560000001,7088430
wmch,100,situation1-1.pl,cbr_20,"[ice3,stone4,wood6,wood7,ice5,wood0,ice1,pig1,ice8]",0.9158878504672897,0.583827837,7742761
random,100,situation2-1.pl,cbr_5,"[stone7,wood6,pig3]",1,0.021665769999999807,226382
mch,100,situation2-1.pl,cbr_6,"[stone5,wood2,stone3,pig1]",0.96,0.035335561000000126,357279
wmch,100,situation2-1.pl,cbr_6,"[stone5,wood2,stone3,pig1]",0.96,0.03139687300000005,324458
random,100,situation3-1.pl,cbr_15,"[wood1,wood5,wood37,pig3]",0.5833333333333333,0.0820939329999999,879036
mch,100,situation3-1.pl,cbr_15,"[wood1,wood7,wood37,pig1]",0.625,0.6286669930000002,8212206
wmch,100,situation3-1.pl,cbr_15,"[wood1,wood7,wood37,pig1]",0.625,0.6162635349999999,8090964
random,100,situation4-1.pl,cbr_15,"[wood17,wood12,wood30,pig2]",0.6666666666666667,0.17014891200000015,1941824
mch,100,situation4-1.pl,cbr_7,"[wood7,ice6,ice20,wood8,ice9,stone3,wood21,ice14,wood25,stone23,wood13,pig0,wood2,wood1,ice16,ice22]",0.853125,2.858027895,37424566
wmch,100,situation4-1.pl,cbr_7,"[wood7,ice6,ice20,wood8,ice9,stone3,wood21,ice14,wood25,stone23,wood13,pig0,wood2,wood1,ice16,ice22]",0.853125,2.9364601090000004,36295525
random,100,situation5-1.pl,cbr_6,"[stone52,wood3,stone2,pig1]",0.6,0.1828654260000011,2043596
mch,100,situation5-1.pl,cbr_3,"[wood6,wood49,wood44,wood34,wood58,wood31,wood39,wood14,wood43,wood42,wood27,wood38,wood59,wood41,wood53,wood24,wood57,wood17,wood0,wood7,wood56,wood12,wood40,stone32,wood4,wood13,wood50,stone25,wood21,wood54,wood8,stone26,pig0,pig3,wood5,wood11,wood16,wood19,wood48,wood51]",0.911499436302142,16.023868334,195370295
wmch,100,situation5-1.pl,cbr_3,"[wood11,wood58,wood44,wood27,wood34,wood31,wood47,wood6,wood43,wood42,wood33,wood38,wood53,wood41,wood59,wood20,wood57,wood17,wood12,wood7,wood54,wood24,wood40,stone32,wood4,wood0,wood50,stone25,wood21,wood56,wood5,stone26,pig0,pig3,wood8,wood16,wood14,wood19,wood48,wood51]",0.830890642615558,16.119565379000004,195306144
random,100,situation6-1.pl,cbr_9,"[wood5,wood12,wood7,wood3,wood24,pig3]",0.5510204081632653,0.0968379599999949,963598
mch,100,situation6-1.pl,cbr_9,"[wood7,wood20,wood6,wood4,wood24,pig1]",0.6938775510204082,2.355624795000004,28557434
wmch,100,situation6-1.pl,cbr_9,"[wood7,wood20,wood6,wood4,wood24,pig3]",0.6938775510204082,2.3134150180000006,28405839
random,100,situation7-1.pl,cbr_6,"[stone10,wood6,stone5,pig2]",0.6,0.12677631100000042,1167915
mch,100,situation7-1.pl,cbr_18,"[wood18,wood21,ice19,ice3,pig0,pig3,wood2]",0.6129032258064516,0.4170648719999974,4904551
wmch,100,situation7-1.pl,cbr_18,"[wood2,wood21,ice19,ice3,pig1,pig3,wood8]",0.6129032258064516,0.41203740600000316,4912459
random,100,situation8-1.pl,cbr_15,"[wood3,wood8,wood19,pig2]",0.625,0.08338155999999941,843694
mch,100,situation8-1.pl,cbr_15,"[wood3,wood8,wood14,pig2]",0.7083333333333333,1.1922233700000007,14258241
wmch,100,situation8-1.pl,cbr_15,"[wood3,wood8,wood14,pig2]",0.7083333333333333,1.2576568760000058,14707234
random,100,situation9-1.pl,cbr_6,"[stone37,wood10,stone16,pig1]",0.76,0.44065291200000445,4136272
mch,100,situation9-1.pl,cbr_6,"[stone37,wood10,stone16,pig1]",0.76,5.753926538999998,72261480
wmch,100,situation9-1.pl,cbr_6,"[stone37,wood10,stone16,pig1]",0.76,5.479095474999994,72245517
random,100,situation10-1.pl,cbr_18,"[wood13,wood18,ice24,ice8,pig0,pig1,wood2]",0.6290322580645161,0.0527612469999994,557388
mch,100,situation10-1.pl,cbr_18,"[wood0,wood13,ice28,ice7,pig0,pig1,wood1]",0.935483870967742,1.2120709579999982,15104876
wmch,100,situation10-1.pl,cbr_18,"[wood0,wood13,ice28,ice7,pig0,pig1,wood1]",0.935483870967742,1.2017129099999977,14977679
random,100,situation11-1.pl,cbr_0,"[wood44,ice41,ice29,ice15,pig0,pig1]",0.5652173913043479,0.19217494800000168,2009719
mch,100,situation11-1.pl,cbr_16,"[wood20,pig3,ice30,ice17,ice28,ice29,wood21,ice24,wood19,wood26,wood22,ice12,ice13,ice14,ice15,pig1]",0.9931740614334471,5.091168058000008,64403081
wmch,100,situation11-1.pl,cbr_16,"[wood20,pig3,ice30,ice17,ice28,ice29,wood21,ice24,wood19,wood26,wood22,ice12,ice13,ice14,ice15,pig1]",0.9931740614334471,5.127628832999989,64616379
random,100,situation12-1.pl,cbr_15,"[wood28,wood26,wood29,pig6]",0.625,0.08790088199999957,951518
mch,100,situation12-1.pl,cbr_15,"[wood28,wood15,wood29,pig6]",0.6666666666666667,0.3145024290000009,3927940
wmch,100,situation12-1.pl,cbr_15,"[wood28,wood15,wood29,pig6]",0.6666666666666667,0.3213541260000028,3969216
random,100,situation13-1.pl,cbr_2,"[wood17,ice15,stone18,stone14,wood1,stone11,ice26,ice28,ice32,wood4,pig0,pig1,ice22]",0.6995073891625616,0.2568863890000017,2806854
mch,100,situation13-1.pl,cbr_6,"[stone9,wood3,stone2,pig0]",0.8,1.1258139509999978,14436992
wmch,100,situation13-1.pl,cbr_6,"[stone9,wood3,stone2,pig0]",0.8,1.135664817999995,14558649
random,100,situation14-1.pl,cbr_15,"[wood8,wood10,wood26,pig3]",0.5416666666666667,0.06473421599999085,725386
mch,100,situation14-1.pl,cbr_15,"[wood25,wood13,wood27,pig3]",0.7083333333333333,0.5169630980000051,6675124
wmch,100,situation14-1.pl,cbr_15,"[wood25,wood11,wood27,pig3]",0.7083333333333333,0.5389168359999985,6946675
random,100,situation15-1.pl,cbr_10,"[stone31,ice6,ice9,stone25,ice17,ice5,ice11,ice8,stone27,pig2,ice15,ice10,ice0,ice7]",0.768,0.11224837199999627,1185843
mch,100,situation15-1.pl,cbr_10,"[stone23,ice3,ice7,stone24,ice8,ice5,ice0,ice13,stone27,pig1,ice15,ice9,ice10,ice11]",0.912,0.9476283930000022,11854014
wmch,100,situation15-1.pl,cbr_10,"[stone23,ice3,ice7,stone24,ice8,ice5,ice15,ice13,stone27,pig1,ice0,ice10,ice9,ice11]",0.972,1.0483960789999998,13084698
random,100,situation16-1.pl,cbr_5,"[stone25,wood8,pig1]",0.6,0.12088760199999626,1317094
mch,100,situation16-1.pl,cbr_6,"[stone27,wood8,stone23,pig1]",0.64,0.4767360580000002,6113600
wmch,100,situation16-1.pl,cbr_15,"[wood0,wood2,wood19,pig1]",0.7083333333333333,0.4861652139999961,6166414
random,100,situation17-1.pl,cbr_5,"[stone19,wood13,pig5]",0.5333333333333333,0.07933548399999779,825218
mch,100,situation17-1.pl,cbr_5,"[stone18,wood9,pig7]",0.6,0.26134092499999895,3195037
wmch,100,situation17-1.pl,cbr_5,"[stone16,wood11,pig6]",0.6666666666666667,0.2576437550000037,3136813
random,100,situation18-1.pl,cbr_5,"[stone28,wood2,pig0]",0.6,0.10426858399999617,1038722
mch,100,situation18-1.pl,cbr_1,"[wood1,stone12,wood0,wood3,wood25,wood5,pig0,wood2,wood4]",0.97,0.22305893600000104,2714036
wmch,100,situation18-1.pl,cbr_1,"[wood1,stone12,wood0,wood3,wood25,wood5,pig0,wood2,wood4]",0.97,0.3227101669999968,3861020
random,100,situation19-1.pl,cbr_6,"[stone29,wood16,stone20,pig0]",0.6,0.09780064400000299,1015512
random,100,situation20-1.pl,cbr_15,"[wood16,wood18,wood26,pig1]",0.5,0.15478474600000425,1689795
mch,100,situation20-1.pl,cbr_17,"[wood20,wood28,wood26,wood21,pig1,wood24]",0.6170212765957447,0.9408402720000026,12253073
wmch,100,situation20-1.pl,cbr_17,"[wood20,wood28,wood26,wood21,pig1,wood24]",0.6170212765957447,0.940540483999996,12220029
random,100,situation21-1.pl,cbr_18,"[wood38,wood20,ice57,ice61,pig1,pig2,wood37]",0.5483870967741935,0.2995450879999879,3318158
mch,100,situation21-1.pl,cbr_22,"[ice0,ice34,stone10,wood5,ice8,ice45,stone36,stone13,ice57,ice3,wood14,wood4,stone11,wood15,ice1,pig0,ice7,ice9,ice17,ice51,ice50,ice60]",0.8677839851024208,8.866193280000005,114552722
wmch,100,situation21-1.pl,cbr_22,"[ice0,ice34,stone10,wood5,ice8,ice45,stone36,stone13,ice41,ice3,wood14,wood4,stone11,wood15,ice1,pig0,ice7,ice9,ice17,ice51,ice50,ice57]",0.8696461824953445,8.996992152000004,113401215
random,200,situation1-1.pl,cbr_15,"[wood0,wood6,wood16,pig2]",0.625,0.28092126399999984,2988609
mch,200,situation1-1.pl,cbr_20,"[ice3,stone4,wood6,wood7,ice5,wood0,ice1,pig0,ice8]",0.9158878504672897,1.256330539000004,13517208
wmch,200,situation1-1.pl,cbr_20,"[ice3,stone4,wood6,wood7,ice5,wood0,ice1,pig2,ice8]",0.9158878504672897,1.0743929500000036,13250856
random,200,situation2-1.pl,cbr_5,"[stone7,wood6,pig3]",1,0.06380997700000535,423624
mch,200,situation2-1.pl,cbr_6,"[stone5,wood2,stone3,pig1]",0.96,0.06683241800000417,400727
wmch,200,situation2-1.pl,cbr_6,"[stone5,wood2,stone3,pig1]",0.96,0.061928379999997674,613394
random,200,situation3-1.pl,cbr_15,"[wood1,wood37,wood7,pig1]",0.5833333333333333,0.16713604799998905,1701816
mch,200,situation3-1.pl,cbr_15,"[wood1,wood7,wood37,pig1]",0.625,1.3212421310000053,16155389
wmch,200,situation3-1.pl,cbr_9,"[wood35,wood7,wood1,wood5,wood11,pig1]",0.5918367346938775,1.4072697390000002,15802513
random,200,situation4-1.pl,cbr_15,"[wood13,wood7,wood25,pig1]",0.5833333333333333,0.3739215800000011,3796714
mch,200,situation4-1.pl,cbr_7,"[wood7,ice6,ice20,wood8,ice9,stone3,wood21,ice14,wood25,stone23,wood13,pig0,wood2,wood1,ice16,ice22]",0.853125,5.91111153300001,70207961
wmch,200,situation4-1.pl,cbr_7,"[wood7,ice6,ice20,wood8,ice9,stone3,wood21,ice14,wood25,stone23,wood13,pig0,wood2,wood1,ice16,ice22]",0.853125,5.904991467000002,69576694
random,200,situation5-1.pl,cbr_6,"[stone52,wood24,stone2,pig0]",0.64,0.38447690799999634,3863277
mch,200,situation5-1.pl,cbr_3,"[wood19,wood49,wood51,wood34,wood58,wood31,wood47,wood16,wood43,wood33,wood27,wood38,wood59,wood41,wood53,wood20,wood40,wood17,wood0,wood13,wood44,wood12,wood57,stone32,wood4,wood7,wood56,stone25,wood21,wood54,wood5,stone26,pig0,pig3,wood8,wood11,wood14,wood6,wood48,wood50]",0.9013528748590756,30.596878406000002,382342110
wmch,200,situation5-1.pl,cbr_3,"[wood6,wood49,wood44,wood34,wood58,wood31,wood47,wood16,wood43,wood42,wood27,wood38,wood59,wood41,wood53,wood20,wood57,wood17,wood0,wood13,wood56,wood12,wood40,stone32,wood4,wood21,wood50,stone25,wood7,wood54,wood5,stone26,pig0,pig3,wood8,wood14,wood11,wood19,wood48,wood51]",0.9244644870349492,30.41030608599999,381427589
random,200,situation6-1.pl,cbr_9,"[wood0,wood12,wood9,wood4,wood24,pig2]",0.5918367346938775,0.18195959599998446,1812650
mch,200,situation6-1.pl,cbr_9,"[wood14,wood21,wood13,wood2,wood24,pig2]",0.6734693877551021,4.376533241999994,56553757
wmch,200,situation6-1.pl,cbr_9,"[wood15,wood20,wood13,wood4,wood24,pig4]",0.6734693877551021,4.416032089000026,56477291
random,200,situation7-1.pl,cbr_6,"[stone10,wood6,stone5,pig2]",0.6,0.22622629099998903,2325153
mch,200,situation7-1.pl,cbr_18,"[wood6,wood18,ice19,ice3,pig0,pig1,wood2]",0.6129032258064516,0.7934597520000182,9694568
wmch,200,situation7-1.pl,cbr_18,"[wood2,wood18,ice19,ice3,pig1,pig3,wood8]",0.6129032258064516,0.7995039369999972,9744252
random,200,situation8-1.pl,cbr_15,"[wood4,wood9,wood14,pig5]",0.625,0.1519571340000141,1636285
mch,200,situation8-1.pl,cbr_15,"[wood3,wood8,wood14,pig2]",0.7083333333333333,2.191468723000014,28107858
wmch,200,situation8-1.pl,cbr_15,"[wood3,wood8,wood14,pig2]",0.7083333333333333,2.20475420599999,28266368
random,200,situation9-1.pl,cbr_6,"[stone45,wood19,stone16,pig1]",0.72,0.8086857640000176,8271718
mch,200,situation9-1.pl,cbr_6,"[stone37,wood10,stone16,pig1]",0.76,11.00576012000002,141853650
wmch,200,situation9-1.pl,cbr_6,"[stone45,wood10,stone16,pig1]",0.76,10.955211147,141481875
random,200,situation10-1.pl,cbr_18,"[wood22,wood14,ice24,ice7,pig0,pig1,wood2]",0.6935483870967742,0.09348644199999967,972447
mch,200,situation10-1.pl,cbr_18,"[wood0,wood13,ice28,ice7,pig0,pig1,wood1]",0.935483870967742,2.4728268129999833,30007559
wmch,200,situation10-1.pl,cbr_18,"[wood0,wood13,ice28,ice7,pig0,pig1,wood1]",0.935483870967742,2.463398548000015,30029017
random,200,situation11-1.pl,cbr_0,"[wood31,ice28,ice41,ice24,pig1,pig2]",0.5652173913043479,0.3754365039999925,3914757
mch,200,situation11-1.pl,cbr_16,"[wood20,pig3,ice30,ice17,ice28,ice29,wood21,ice24,wood19,wood26,wood22,ice12,ice13,ice14,ice15,pig1]",0.9931740614334471,10.399611694999976,129101515
wmch,200,situation11-1.pl,cbr_16,"[wood20,pig3,ice30,ice17,ice28,ice29,wood21,ice24,wood19,wood26,wood22,ice12,ice13,ice14,ice15,pig1]",0.9931740614334471,10.436207314,129283644
random,200,situation12-1.pl,cbr_9,"[wood12,wood30,wood10,wood13,wood23,pig0]",0.5714285714285714,0.17615099899998654,1864162
mch,200,situation12-1.pl,cbr_15,"[wood28,wood15,wood29,pig6]",0.6666666666666667,0.6319288109999945,7760226
wmch,200,situation12-1.pl,cbr_15,"[wood28,wood15,wood29,pig6]",0.6666666666666667,0.6271672169999931,7663230
random,200,situation13-1.pl,cbr_2,"[wood30,ice15,stone18,stone14,wood24,stone11,ice26,ice28,ice32,wood35,pig3,pig1,ice21]",0.7339901477832512,0.5105372969999848,5486723
mch,200,situation13-1.pl,cbr_6,"[stone9,wood3,stone2,pig0]",0.8,2.2295059479999964,28301618
wmch,200,situation13-1.pl,cbr_6,"[stone9,wood3,stone2,pig0]",0.8,2.2418945510000015,28424328
random,200,situation14-1.pl,cbr_8,"[wood12,ice17,ice3,ice19,ice16,ice2,wood13,wood29,wood26,ice0,wood11,wood5,wood34,ice1,pig3,stone18,wood24,wood27,ice20,wood4,pig0,pig1]",0.5148148148148148,0.12781247499998472,1390808
mch,200,situation14-1.pl,cbr_15,"[wood25,wood11,wood27,pig3]",0.7083333333333333,0.9805428269999936,12309736
wmch,200,situation14-1.pl,cbr_15,"[wood25,wood11,wood27,pig3]",0.7083333333333333,1.0154627150000124,12839473
random,200,situation15-1.pl,cbr_10,"[stone19,ice3,ice0,stone31,ice1,ice7,ice11,ice12,stone27,pig1,ice10,ice9,ice5,ice15]",0.8240000000000001,0.21543005699999185,2272041
mch,200,situation15-1.pl,cbr_10,"[stone23,ice3,ice7,stone24,ice8,ice0,ice15,ice13,stone27,pig1,ice5,ice9,ice10,ice11]",0.972,1.9327350549999665,23633043
wmch,200,situation15-1.pl,cbr_10,"[stone23,ice3,ice7,stone24,ice8,ice10,ice9,ice13,stone27,pig1,ice0,ice15,ice5,ice11]",0.916,1.7370690609999997,21366388
random,200,situation16-1.pl,cbr_15,"[wood0,wood11,wood19,pig1]",0.6666666666666667,0.23013065300000335,2549976
mch,200,situation16-1.pl,cbr_15,"[wood0,wood2,wood19,pig1]",0.7083333333333333,0.9623985040000207,12099721
wmch,200,situation16-1.pl,cbr_15,"[wood0,wood2,wood19,pig1]",0.7083333333333333,0.9609926260000066,12077679
random,200,situation17-1.pl,cbr_5,"[stone19,wood13,pig5]",0.5333333333333333,0.15292166599999746,1606888
mch,200,situation17-1.pl,cbr_5,"[stone16,wood13,pig6]",0.6666666666666667,0.5051973189999899,6249097
wmch,200,situation17-1.pl,cbr_5,"[stone16,wood11,pig6]",0.6666666666666667,0.5072799160000159,6250376
random,200,situation18-1.pl,cbr_5,"[stone19,wood2,pig0]",0.6,0.19468784499997582,1973434
mch,200,situation18-1.pl,cbr_1,"[wood1,stone12,wood0,wood3,wood25,wood5,pig0,wood2,wood4]",0.97,0.40304517999999234,4726124
wmch,200,situation18-1.pl,cbr_1,"[wood1,stone12,wood0,wood3,wood25,wood5,pig0,wood2,wood4]",0.97,0.3180876370000192,3694588
random,200,situation19-1.pl,cbr_5,"[stone29,wood2,pig0]",0.6,0.18794349500001317,1921791
random,200,situation20-1.pl,cbr_15,"[wood16,wood2,wood26,pig1]",0.5416666666666667,0.3079322940000111,3284621
mch,200,situation20-1.pl,cbr_17,"[wood20,wood28,wood26,wood21,pig1,wood24]",0.6170212765957447,1.8841672629999948,24204893
wmch,200,situation20-1.pl,cbr_26,"[wood20,wood26,wood21,wood24,pig1,wood28]",0.6170212765957447,1.914097849999962,24598674
random,200,situation21-1.pl,cbr_18,"[wood42,wood20,ice64,ice22,pig0,pig1,wood44]",0.5967741935483871,0.6037178429999699,6555832
mch,200,situation21-1.pl,cbr_22,"[ice0,ice34,stone10,wood5,ice8,ice45,stone36,stone13,ice41,ice3,wood14,wood4,stone11,wood15,ice1,pig0,ice7,ice9,ice17,ice51,ice50,ice57]",0.8696461824953445,17.169309968999983,218899089
wmch,200,situation21-1.pl,cbr_22,"[ice0,ice34,stone10,wood5,ice8,ice45,stone36,stone13,ice41,ice3,wood14,wood4,stone11,wood15,ice1,pig0,ice7,ice9,ice17,ice57,ice50,ice60]",0.8677839851024208,17.061347340999987,217242245
random,500,situation1-1.pl,cbr_20,"[ice5,stone4,wood27,wood7,ice12,wood0,ice21,pig1,ice8]",0.6728971962616823,0.6985906849999992,7461296
mch,500,situation1-1.pl,cbr_20,"[ice5,stone4,wood6,wood0,ice3,wood7,ice1,pig2,ice8]",0.897196261682243,2.0049121630000286,25167188
wmch,500,situation1-1.pl,cbr_20,"[ice5,stone4,wood6,wood0,ice3,wood7,ice1,pig2,ice8]",0.897196261682243,2.0440987410000275,25138310
random,500,situation2-1.pl,cbr_5,"[stone7,wood6,pig3]",1,0.10530525600000828,1026660
mch,500,situation2-1.pl,cbr_5,"[stone3,wood2,pig1]",0.9333333333333333,0.1739511460000358,1850301
wmch,500,situation2-1.pl,cbr_5,"[stone3,wood2,pig1]",0.9333333333333333,0.14688652500001353,1614037
random,500,situation3-1.pl,cbr_15,"[wood1,wood7,wood37,pig1]",0.625,0.3979229509999982,4201966
mch,500,situation3-1.pl,cbr_15,"[wood1,wood7,wood37,pig1]",0.625,3.195647648999966,39990118
wmch,500,situation3-1.pl,cbr_15,"[wood1,wood5,wood37,pig4]",0.5833333333333333,3.1815929539999956,39927671
random,500,situation4-1.pl,cbr_15,"[wood17,wood12,wood30,pig1]",0.6666666666666667,0.8530175480000253,9414000
mch,500,situation4-1.pl,cbr_7,"[wood7,ice6,ice20,wood8,ice9,stone3,wood21,ice14,wood25,stone23,wood13,pig0,wood2,wood1,ice16,ice22]",0.853125,13.564981070000044,169469926
wmch,500,situation4-1.pl,cbr_7,"[wood7,ice6,ice20,wood8,ice9,stone3,wood21,ice14,wood25,stone23,wood13,pig0,wood2,wood1,ice16,ice22]",0.853125,13.557666605999998,170337796
random,500,situation5-1.pl,cbr_6,"[stone55,wood0,stone36,pig0]",0.6,0.8329498570000169,9457355
random,500,situation6-1.pl,cbr_9,"[wood5,wood20,wood6,wood3,wood24,pig3]",0.6122448979591837,0.4237462209999876,4312858
mch,500,situation6-1.pl,cbr_9,"[wood14,wood21,wood13,wood2,wood24,pig2]",0.6734693877551021,10.884366306000004,141526145
wmch,500,situation6-1.pl,cbr_9,"[wood15,wood20,wood13,wood4,wood24,pig4]",0.6734693877551021,10.798887746000048,140176236
random,500,situation7-1.pl,cbr_18,"[wood18,wood2,ice19,ice3,pig1,pig3,wood8]",0.5806451612903225,0.5527110579999999,5755640
mch,500,situation7-1.pl,cbr_18,"[wood2,wood21,ice19,ice3,pig1,pig3,wood8]",0.6129032258064516,2.0083373599999845,24188943
wmch,500,situation7-1.pl,cbr_18,"[wood18,wood21,ice19,ice3,pig1,pig3,wood2]",0.6129032258064516,1.954864122999993,24145334
random,500,situation8-1.pl,cbr_15,"[wood5,wood9,wood21,pig2]",0.625,0.37000089999997954,4017749
mch,500,situation8-1.pl,cbr_15,"[wood3,wood8,wood14,pig2]",0.7083333333333333,5.468189836999954,69713482
wmch,500,situation8-1.pl,cbr_15,"[wood4,wood8,wood14,pig2]",0.7083333333333333,5.506173680000018,70531402
random,500,situation9-1.pl,cbr_5,"[stone45,wood34,pig5]",0.7333333333333334,1.9683010240000272,20497481
mch,500,situation9-1.pl,cbr_6,"[stone45,wood10,stone37,pig1]",0.76,26.944871051999996,345712447
wmch,500,situation9-1.pl,cbr_6,"[stone45,wood10,stone37,pig1]",0.76,27.346914450999975,349377279
random,500,situation10-1.pl,cbr_5,"[stone26,wood2,pig0]",0.6666666666666667,0.20941524499994557,2261710
mch,500,situation10-1.pl,cbr_18,"[wood0,wood13,ice28,ice7,pig0,pig1,wood1]",0.935483870967742,6.114653675999989,74102662
wmch,500,situation10-1.pl,cbr_18,"[wood0,wood13,ice28,ice7,pig0,pig1,wood1]",0.935483870967742,6.3056118079999806,75303153
random,500,situation11-1.pl,cbr_19,"[wood2,wood19,ice10,pig0,wood0]",0.5714285714285714,0.9403708029999507,9726662
mch,500,situation11-1.pl,cbr_16,"[wood20,pig3,ice30,ice17,ice28,ice29,wood21,ice24,wood19,wood26,wood22,ice12,ice13,ice14,ice15,pig1]",0.9931740614334471,26.617961035999997,326391501
wmch,500,situation11-1.pl,cbr_16,"[wood20,pig3,ice30,ice17,ice28,ice29,wood21,ice24,wood19,wood26,wood22,ice12,ice13,ice14,ice15,pig1]",0.9931740614334471,26.03078703799997,320557993
random,500,situation12-1.pl,cbr_15,"[wood28,wood29,wood30,pig6]",0.625,0.43379882300007466,4608755
mch,500,situation12-1.pl,cbr_15,"[wood28,wood15,wood29,pig6]",0.6666666666666667,1.580205521000039,19201425
wmch,500,situation12-1.pl,cbr_15,"[wood28,wood15,wood29,pig6]",0.6666666666666667,1.589981410000064,19254421
random,500,situation13-1.pl,cbr_6,"[stone9,wood3,stone2,pig0]",0.8,1.2532319260000122,13494074
mch,500,situation13-1.pl,cbr_6,"[stone9,wood3,stone2,pig0]",0.8,5.494338682000034,69306637
wmch,500,situation13-1.pl,cbr_6,"[stone9,wood3,stone2,pig0]",0.8,5.421778093000057,68572737
random,500,situation14-1.pl,cbr_8,"[wood6,ice16,ice1,ice17,ice3,ice19,wood15,wood14,wood22,ice0,wood13,wood12,wood10,ice2,pig2,stone18,wood8,wood4,ice20,wood30,pig0,pig3]",0.5148148148148148,0.3037037539999119,3376790
mch,500,situation14-1.pl,cbr_15,"[wood25,wood11,wood27,pig3]",0.7083333333333333,2.5123547880000388,30278143
wmch,500,situation14-1.pl,cbr_15,"[wood25,wood11,wood27,pig3]",0.7083333333333333,2.4147300339999447,30501391
random,500,situation15-1.pl,cbr_10,"[stone32,ice3,ice7,stone19,ice8,ice11,ice15,ice17,stone27,pig1,ice5,ice10,ice9,ice0]",0.836,0.5293601390000049,5523890
mch,500,situation15-1.pl,cbr_10,"[stone23,ice3,ice7,stone24,ice8,ice5,ice15,ice13,stone27,pig1,ice0,ice11,ice10,ice9]",0.972,5.472968401000003,66622070
wmch,500,situation15-1.pl,cbr_10,"[stone23,ice3,ice0,stone24,ice8,ice5,ice10,ice13,stone27,pig1,ice7,ice9,ice15,ice11]",0.9359999999999999,4.877610828000002,59794876
random,500,situation16-1.pl,cbr_15,"[wood1,wood11,wood19,pig1]",0.625,0.5806394240000827,6360691
mch,500,situation16-1.pl,cbr_15,"[wood0,wood2,wood19,pig1]",0.7083333333333333,2.387716802,30207400
wmch,500,situation16-1.pl,cbr_15,"[wood0,wood2,wood19,pig1]",0.7083333333333333,2.375496349000059,29986060
random,500,situation17-1.pl,cbr_6,"[stone20,wood11,stone18,pig7]",0.56,0.3751786110000239,3936894
mch,500,situation17-1.pl,cbr_5,"[stone16,wood13,pig6]",0.6666666666666667,1.2480348489999642,15471348
wmch,500,situation17-1.pl,cbr_5,"[stone18,wood11,pig7]",0.6,1.2454139919999534,15457678
random,500,situation18-1.pl,cbr_5,"[stone28,wood2,pig0]",0.6,0.46258949200000643,4684532
mch,500,situation18-1.pl,cbr_1,"[wood1,stone12,wood0,wood3,wood25,wood5,pig0,wood2,wood4]",0.97,0.31851798800005326,3733131
wmch,500,situation18-1.pl,cbr_1,"[wood1,stone12,wood0,wood3,wood25,wood5,pig0,wood2,wood4]",0.97,0.29990618199997243,3503676
random,500,situation19-1.pl,cbr_6,"[stone29,wood14,stone20,pig0]",0.64,0.46603074100005415,4719073
random,500,situation20-1.pl,cbr_15,"[wood0,wood1,wood18,pig0]",0.5833333333333333,0.7675888229999828,8200654
mch,500,situation20-1.pl,cbr_24,"[wood20,wood26,wood21,wood24,pig1,wood28]",0.6170212765957447,4.854998933999923,60607100
wmch,500,situation20-1.pl,cbr_17,"[wood20,wood28,wood26,wood21,pig1,wood24]",0.6170212765957447,4.762655352000024,60349117
random,500,situation21-1.pl,cbr_18,"[wood14,wood21,ice60,ice22,pig0,pig1,wood4]",0.6451612903225806,1.4868516699999645,16257635
mch,500,situation21-1.pl,cbr_22,"[ice0,ice34,stone10,wood5,ice8,ice45,stone36,stone13,ice41,ice3,wood14,wood4,stone11,wood15,ice1,pig0,ice7,ice9,ice17,ice51,ice50,ice57]",0.8696461824953445,42.011634888,523029570
wmch,500,situation21-1.pl,cbr_22,"[ice0,ice34,stone10,wood5,ice8,ice45,stone36,stone13,ice41,ice3,wood14,wood4,stone11,wood15,ice1,pig0,ice7,ice9,ice17,ice51,ice50,ice57]",0.8696461824953445,41.884960844000034,519346785
random,1000,situation1-1.pl,cbr_15,"[wood0,wood2,wood16,pig0]",0.625,1.4160571459999574,14932051
mch,1000,situation1-1.pl,cbr_20,"[ice3,stone4,wood6,wood7,ice5,wood0,ice1,pig2,ice8]",0.9158878504672897,4.530993007000006,55747221
wmch,1000,situation1-1.pl,cbr_20,"[ice5,stone4,wood6,wood0,ice3,wood7,ice1,pig2,ice8]",0.897196261682243,3.6422711180000533,44834194
random,1000,situation2-1.pl,cbr_5,"[stone7,wood6,pig3]",1,0.19931671200004075,2018668
mch,1000,situation2-1.pl,cbr_6,"[stone5,wood2,stone3,pig1]",0.96,0.29668202300001667,3342339
wmch,1000,situation2-1.pl,cbr_6,"[stone1,wood6,stone7,pig3]",0.6799999999999999,0.1526532299999417,1789415
random,1000,situation3-1.pl,cbr_15,"[wood1,wood7,wood37,pig1]",0.625,0.8020872019999388,8378152
mch,1000,situation3-1.pl,cbr_15,"[wood1,wood7,wood37,pig1]",0.625,6.428955539000071,79107239
wmch,1000,situation3-1.pl,cbr_15,"[wood1,wood7,wood37,pig1]",0.625,6.3899935450000385,78934828
random,1000,situation4-1.pl,cbr_15,"[wood17,wood12,wood30,pig2]",0.6666666666666667,1.7571235800000977,18748326
mch,1000,situation4-1.pl,cbr_7,"[wood7,ice6,ice20,wood8,ice9,stone3,wood21,ice14,wood25,stone23,wood13,pig0,wood2,wood1,ice16,ice22]",0.853125,27.155276947999937,336181871
wmch,1000,situation4-1.pl,cbr_7,"[wood7,ice6,ice20,wood8,ice9,stone3,wood21,ice14,wood25,stone23,wood13,pig0,wood2,wood1,ice16,ice22]",0.853125,27.29144823499996,338685709
random,1000,situation5-1.pl,cbr_6,"[stone37,wood3,stone52,pig0]",0.6799999999999999,1.6798455679999051,18736526
random,1000,situation6-1.pl,cbr_9,"[wood0,wood20,wood8,wood4,wood24,pig4]",0.6122448979591837,0.8420729169999959,8495898
mch,1000,situation6-1.pl,cbr_9,"[wood14,wood21,wood13,wood2,wood24,pig2]",0.6734693877551021,21.454719690000047,280275615
wmch,1000,situation6-1.pl,cbr_9,"[wood7,wood20,wood6,wood4,wood24,pig1]",0.6938775510204082,21.186399473999927,280876367
random,1000,situation7-1.pl,cbr_6,"[stone10,wood2,stone5,pig2]",0.6,1.0840253210000128,11375934
mch,1000,situation7-1.pl,cbr_18,"[wood18,wood21,ice19,ice3,pig0,pig3,wood2]",0.6129032258064516,3.825087135999979,48155164
wmch,1000,situation7-1.pl,cbr_18,"[wood6,wood21,ice19,ice3,pig1,pig3,wood2]",0.6129032258064516,3.833570356999985,48006242
random,1000,situation8-1.pl,cbr_15,"[wood4,wood8,wood20,pig2]",0.6666666666666667,0.7253748050000013,7988333
mch,1000,situation8-1.pl,cbr_15,"[wood4,wood8,wood14,pig2]",0.7083333333333333,10.844439357000056,139251788
wmch,1000,situation8-1.pl,cbr_15,"[wood3,wood8,wood14,pig2]",0.7083333333333333,10.77575240100009,139184740
random,1000,situation9-1.pl,cbr_5,"[stone16,wood34,pig5]",0.7333333333333334,3.976561318999984,41339635
mch,1000,situation9-1.pl,cbr_6,"[stone45,wood10,stone16,pig1]",0.76,54.333080062000136,697872959
wmch,1000,situation9-1.pl,cbr_6,"[stone45,wood10,stone16,pig1]",0.76,53.796618312999954,698164121
random,1000,situation10-1.pl,cbr_18,"[wood18,wood0,ice28,ice7,pig0,pig1,wood13]",0.7258064516129032,0.39952166700004454,4405449
mch,1000,situation10-1.pl,cbr_18,"[wood0,wood13,ice28,ice7,pig0,pig1,wood1]",0.935483870967742,12.076413569999886,150329595
wmch,1000,situation10-1.pl,cbr_18,"[wood0,wood13,ice28,ice7,pig0,pig1,wood1]",0.935483870967742,12.021014991999891,149679515
random,1000,situation11-1.pl,cbr_18,"[wood6,wood11,ice43,ice15,pig0,pig1,wood5]",0.6290322580645161,1.85841946000005,19452613
mch,1000,situation11-1.pl,cbr_16,"[wood20,pig3,ice30,ice17,ice28,ice29,wood21,ice24,wood19,wood26,wood22,ice12,ice13,ice14,ice15,pig1]",0.9931740614334471,52.438143769000135,654879592
wmch,1000,situation11-1.pl,cbr_16,"[wood20,pig3,ice30,ice17,ice28,ice29,wood21,ice24,wood19,wood26,wood22,ice12,ice13,ice14,ice15,pig1]",0.9931740614334471,51.87079425999991,646901105
random,1000,situation12-1.pl,cbr_15,"[wood28,wood12,wood29,pig6]",0.625,0.8545462639999641,9288216
mch,1000,situation12-1.pl,cbr_15,"[wood28,wood15,wood29,pig6]",0.6666666666666667,3.037010013000099,38283995
wmch,1000,situation12-1.pl,cbr_15,"[wood28,wood15,wood29,pig6]",0.6666666666666667,3.0796518300001026,38450601
random,1000,situation13-1.pl,cbr_6,"[stone9,wood3,stone2,pig0]",0.8,2.44737915099995,26799938
mch,1000,situation13-1.pl,cbr_6,"[stone9,wood3,stone2,pig0]",0.8,10.68754637699999,138205455
wmch,1000,situation13-1.pl,cbr_6,"[stone9,wood3,stone2,pig0]",0.8,10.630643264000128,137152586
random,1000,situation14-1.pl,cbr_15,"[wood8,wood11,wood27,pig1]",0.625,0.5825327249999646,6682828
mch,1000,situation14-1.pl,cbr_15,"[wood25,wood13,wood27,pig3]",0.7083333333333333,4.6917175820001376,60232108
wmch,1000,situation14-1.pl,cbr_15,"[wood25,wood11,wood27,pig3]",0.7083333333333333,4.840033464999806,61219066
random,1000,situation15-1.pl,cbr_10,"[stone33,ice6,ice7,stone20,ice12,ice5,ice15,ice8,stone27,pig2,ice0,ice16,ice11,ice10]",0.804,1.0446040940000785,11034238
mch,1000,situation15-1.pl,cbr_10,"[stone23,ice3,ice5,stone24,ice8,ice0,ice11,ice13,stone27,pig1,ice7,ice15,ice9,ice10]",0.9319999999999999,10.341251300000067,127972275
wmch,1000,situation15-1.pl,cbr_10,"[stone23,ice3,ice15,stone24,ice8,ice0,ice10,ice13,stone27,pig1,ice9,ice11,ice5,ice7]",0.884,9.39483849599992,117549145
random,1000,situation16-1.pl,cbr_15,"[wood0,wood8,wood19,pig1]",0.6666666666666667,1.1038907729998755,12622151
mch,1000,situation16-1.pl,cbr_15,"[wood0,wood2,wood19,pig1]",0.7083333333333333,4.738548586999968,60203304
wmch,1000,situation16-1.pl,cbr_15,"[wood0,wood2,wood19,pig1]",0.7083333333333333,4.65888050500007,60044951
random,1000,situation17-1.pl,cbr_6,"[stone18,wood9,stone16,pig6]",0.56,0.7353570899999795,7868735
mch,1000,situation17-1.pl,cbr_5,"[stone16,wood9,pig6]",0.6666666666666667,2.450993466,30868123
wmch,1000,situation17-1.pl,cbr_5,"[stone16,wood11,pig6]",0.6666666666666667,2.4097360690000187,30717860
random,1000,situation18-1.pl,cbr_1,"[wood0,stone21,wood14,wood26,wood23,wood5,pig0,wood2,wood4]",0.61,0.9153192600001603,9307688
mch,1000,situation18-1.pl,cbr_1,"[wood1,stone12,wood0,wood4,wood25,wood5,pig0,wood2,wood3]",0.88,0.7481829169998946,8858258
wmch,1000,situation18-1.pl,cbr_1,"[wood1,stone12,wood0,wood3,wood25,wood5,pig0,wood2,wood4]",0.97,2.2607307349999246,26114969
random,1000,situation19-1.pl,cbr_1,"[wood1,stone7,wood10,wood9,wood14,wood5,pig0,wood2,wood3]",0.63,0.9073070669999197,9359132
random,1000,situation20-1.pl,cbr_15,"[wood20,wood1,wood22,pig1]",0.5833333333333333,1.4758846099998664,16023910
mch,1000,situation20-1.pl,cbr_17,"[wood20,wood28,wood26,wood21,pig1,wood24]",0.6170212765957447,9.262981108999838,120722040
wmch,1000,situation20-1.pl,cbr_24,"[wood20,wood26,wood21,wood24,pig1,wood28]",0.6170212765957447,9.218065617999855,120184010
random,1000,situation21-1.pl,cbr_18,"[wood42,wood39,ice57,ice7,pig1,pig2,wood28]",0.6290322580645161,2.8952222830000665,32201845
random,1500,situation1-1.pl,cbr_20,"[ice5,stone4,wood6,wood7,ice15,wood0,ice14,pig2,ice17]",0.6822429906542056,2.0461518590000196,22426763
mch,1500,situation1-1.pl,cbr_20,"[ice3,stone4,wood6,wood7,ice5,wood0,ice1,pig2,ice8]",0.9158878504672897,6.487954882000167,82664561
wmch,1500,situation1-1.pl,cbr_20,"[ice3,stone4,wood6,wood7,ice5,wood0,ice1,pig2,ice8]",0.9158878504672897,6.993188608000082,88521460
random,1500,situation2-1.pl,cbr_5,"[stone7,wood6,pig3]",1,0.28762077100009265,3014448
mch,1500,situation2-1.pl,cbr_6,"[stone5,wood2,stone3,pig1]",0.96,0.31850432700002784,3805649
wmch,1500,situation2-1.pl,cbr_6,"[stone5,wood2,stone3,pig1]",0.96,0.49221506499998213,5685768
random,1500,situation3-1.pl,cbr_15,"[wood1,wood7,wood37,pig1]",0.625,1.1581736159998854,12562404
mch,1500,situation3-1.pl,cbr_15,"[wood1,wood7,wood37,pig1]",0.625,9.32222257400008,118529588
wmch,1500,situation3-1.pl,cbr_15,"[wood1,wood7,wood37,pig1]",0.625,9.349164338000037,118947371
random,1500,situation4-1.pl,cbr_15,"[wood17,wood11,wood30,pig1]",0.6666666666666667,2.493927759999906,28163188
mch,1500,situation4-1.pl,cbr_7,"[wood7,ice6,ice20,wood8,ice9,stone3,wood21,ice14,wood25,stone23,wood13,pig0,wood2,wood1,ice16,ice22]",0.853125,39.614404538000144,501362334
wmch,1500,situation4-1.pl,cbr_7,"[wood7,ice6,ice20,wood8,ice9,stone3,wood21,ice14,wood25,stone23,wood13,pig0,wood2,wood1,ice16,ice22]",0.853125,39.24786825000001,493767146
random,1500,situation5-1.pl,cbr_6,"[stone52,wood27,stone2,pig0]",0.64,2.56979357299997,28008017
random,1500,situation6-1.pl,cbr_9,"[wood5,wood17,wood22,wood3,wood24,pig2]",0.6122448979591837,1.277172094999969,12828307
mch,1500,situation6-1.pl,cbr_9,"[wood14,wood21,wood13,wood3,wood24,pig2]",0.6734693877551021,32.521047772999964,420601054
wmch,1500,situation6-1.pl,cbr_9,"[wood0,wood18,wood9,wood2,wood24,pig2]",0.653061224489796,32.5422506540001,424214044
random,1500,situation7-1.pl,cbr_6,"[stone10,wood2,stone5,pig2]",0.6,1.6467267729999548,17192289
mch,1500,situation7-1.pl,cbr_18,"[wood6,wood18,ice19,ice3,pig1,pig3,wood2]",0.6129032258064516,5.791289761000144,72393411
wmch,1500,situation7-1.pl,cbr_5,"[stone10,wood6,pig1]",0.6,5.794231741999965,72387674
random,1500,situation8-1.pl,cbr_15,"[wood5,wood8,wood20,pig2]",0.6666666666666667,1.1061229679999087,11975417
mch,1500,situation8-1.pl,cbr_15,"[wood3,wood8,wood14,pig2]",0.7083333333333333,16.177522482000086,208321584
wmch,1500,situation8-1.pl,cbr_15,"[wood3,wood8,wood14,pig2]",0.7083333333333333,16.183417779000138,207977903
random,1500,situation9-1.pl,cbr_6,"[stone45,wood10,stone16,pig1]",0.76,6.023420622000003,61543220
random,1500,situation10-1.pl,cbr_18,"[wood5,wood14,ice24,ice7,pig0,pig1,wood1]",0.7580645161290323,0.6030475940001452,6555816
mch,1500,situation10-1.pl,cbr_18,"[wood0,wood13,ice28,ice7,pig0,pig1,wood1]",0.935483870967742,18.243339234999894,224874574
wmch,1500,situation10-1.pl,cbr_18,"[wood0,wood13,ice28,ice7,pig0,pig1,wood1]",0.935483870967742,18.045819430999927,222251771
random,1500,situation11-1.pl,cbr_18,"[wood5,wood11,ice43,ice7,pig0,pig2,wood0]",0.5967741935483871,2.7947487520000323,29032311
random,1500,situation12-1.pl,cbr_15,"[wood28,wood15,wood29,pig6]",0.6666666666666667,1.2979910760000166,14029800
mch,1500,situation12-1.pl,cbr_15,"[wood28,wood15,wood29,pig6]",0.6666666666666667,4.5357722560002,57012009
wmch,1500,situation12-1.pl,cbr_15,"[wood28,wood15,wood29,pig6]",0.6666666666666667,4.597244511999634,57243909
random,1500,situation13-1.pl,cbr_2,"[wood24,ice22,stone18,stone13,wood19,stone23,ice25,ice28,ice32,wood35,pig1,pig3,ice15]",0.8029556650246306,3.8559746949999862,40233935
mch,1500,situation13-1.pl,cbr_6,"[stone9,wood3,stone2,pig0]",0.8,16.176595487000213,206913590
wmch,1500,situation13-1.pl,cbr_6,"[stone9,wood3,stone2,pig0]",0.8,15.945754238000063,205037444
random,1500,situation14-1.pl,cbr_15,"[wood8,wood10,wood27,pig2]",0.5833333333333333,0.8945749240001533,10006539
mch,1500,situation14-1.pl,cbr_15,"[wood25,wood13,wood27,pig3]",0.7083333333333333,6.975006498000312,90165631
wmch,1500,situation14-1.pl,cbr_15,"[wood25,wood11,wood27,pig3]",0.7083333333333333,7.031714432000172,90792959
random,1500,situation15-1.pl,cbr_10,"[stone23,ice6,ice16,stone24,ice8,ice9,ice7,ice13,stone27,pig2,ice0,ice11,ice10,ice15]",0.8200000000000001,1.553845096999794,16409322
mch,1500,situation15-1.pl,cbr_10,"[stone23,ice3,ice5,stone24,ice8,ice9,ice11,ice13,stone27,pig1,ice0,ice10,ice7,ice15]",0.924,13.495953596999698,168823729
wmch,1500,situation15-1.pl,cbr_10,"[stone23,ice3,ice11,stone24,ice8,ice5,ice15,ice13,stone27,pig1,ice0,ice7,ice9,ice10]",0.944,12.89877266700023,160156954
random,1500,situation16-1.pl,cbr_15,"[wood0,wood17,wood19,pig1]",0.625,1.6764792320000197,18915974
mch,1500,situation16-1.pl,cbr_15,"[wood0,wood2,wood19,pig1]",0.7083333333333333,7.004926756000259,89874013
wmch,1500,situation16-1.pl,cbr_15,"[wood0,wood2,wood19,pig1]",0.7083333333333333,7.04455712500021,90234919
random,1500,situation17-1.pl,cbr_6,"[stone20,wood11,stone16,pig6]",0.56,1.1140324389998568,11804891
mch,1500,situation17-1.pl,cbr_5,"[stone16,wood11,pig6]",0.6666666666666667,3.715480218000266,46534069
wmch,1500,situation17-1.pl,cbr_5,"[stone16,wood9,pig6]",0.6666666666666667,3.6674799130000793,46515494
random,1500,situation18-1.pl,cbr_1,"[wood1,stone7,wood10,wood17,wood22,wood5,pig0,wood2,wood4]",0.6699999999999999,1.3679342200002793,13897052
mch,1500,situation18-1.pl,cbr_1,"[wood1,stone12,wood0,wood3,wood25,wood5,pig0,wood2,wood4]",0.97,2.0041195680000783,23190008
wmch,1500,situation18-1.pl,cbr_1,"[wood1,stone12,wood0,wood4,wood25,wood5,pig0,wood2,wood3]",0.88,0.5972061789998406,7128266
random,1500,situation19-1.pl,cbr_6,"[stone29,wood17,stone20,pig0]",0.64,1.3634989870001846,14004418
random,1500,situation20-1.pl,cbr_15,"[wood16,wood9,wood18,pig1]",0.5833333333333333,2.2528000780002913,24284050
mch,1500,situation20-1.pl,cbr_17,"[wood20,wood28,wood26,wood21,pig1,wood24]",0.6170212765957447,13.829507959000239,179931025
wmch,1500,situation20-1.pl,cbr_24,"[wood20,wood26,wood21,wood24,pig1,wood28]",0.6170212765957447,13.945247602999643,181508901
random,1500,situation21-1.pl,cbr_15,"[wood14,wood18,wood42,pig1]",0.6666666666666667,4.405160003999754,48491006
random,2000,situation1-1.pl,cbr_20,"[ice5,stone25,wood6,wood7,ice23,wood0,ice21,pig1,ice26]",0.6542056074766356,2.734217883999918,29759588
mch,2000,situation1-1.pl,cbr_20,"[ice3,stone4,wood6,wood7,ice5,wood0,ice1,pig2,ice8]",0.9158878504672897,11.305507325000235,141090100
wmch,2000,situation1-1.pl,cbr_20,"[ice3,stone4,wood6,wood7,ice5,wood0,ice1,pig2,ice8]",0.9158878504672897,9.687869804000002,121970629
random,2000,situation2-1.pl,cbr_5,"[stone7,wood6,pig3]",1,0.38605373400014287,4031427
mch,2000,situation2-1.pl,cbr_5,"[stone3,wood2,pig1]",0.9333333333333333,0.5367170979998264,6435613
wmch,2000,situation2-1.pl,cbr_6,"[stone5,wood2,stone3,pig1]",0.96,0.5534749189996546,6506847
random,2000,situation3-1.pl,cbr_15,"[wood1,wood7,wood37,pig1]",0.625,1.5605114690001756,16705321
mch,2000,situation3-1.pl,cbr_15,"[wood1,wood7,wood37,pig1]",0.625,12.4559988230003,157440702
wmch,2000,situation3-1.pl,cbr_15,"[wood1,wood7,wood37,pig1]",0.625,12.47666256399998,156918544
random,2000,situation4-1.pl,cbr_15,"[wood19,wood11,wood30,pig3]",0.625,3.389749047999885,37473192
mch,2000,situation4-1.pl,cbr_7,"[wood7,ice6,ice20,wood8,ice9,stone3,wood21,ice14,wood25,stone23,wood13,pig0,wood2,wood1,ice16,ice22]",0.853125,53.472261352999794,672492142
wmch,2000,situation4-1.pl,cbr_7,"[wood7,ice6,ice20,wood8,ice9,stone3,wood21,ice14,wood25,stone23,wood13,pig0,wood2,wood1,ice16,ice22]",0.853125,53.27415650199964,672301387
random,2000,situation5-1.pl,cbr_6,"[stone37,wood3,stone52,pig0]",0.6799999999999999,3.294870492999962,37257569
random,2000,situation6-1.pl,cbr_9,"[wood5,wood20,wood15,wood4,wood24,pig4]",0.6122448979591837,1.696313691999876,17081726
mch,2000,situation6-1.pl,cbr_9,"[wood14,wood21,wood13,wood2,wood24,pig2]",0.6734693877551021,42.80555900699983,562306262
wmch,2000,situation6-1.pl,cbr_9,"[wood14,wood21,wood13,wood2,wood24,pig2]",0.6734693877551021,42.9624222729999,561418842
random,2000,situation7-1.pl,cbr_6,"[stone27,wood8,stone10,pig1]",0.6,2.1786468870000135,22849350
mch,2000,situation7-1.pl,cbr_18,"[wood6,wood18,ice19,ice3,pig1,pig3,wood2]",0.6129032258064516,7.679946394000126,96667732
wmch,2000,situation7-1.pl,cbr_18,"[wood6,wood18,ice19,ice3,pig1,pig3,wood2]",0.6129032258064516,7.662713954000083,96384284
random,2000,situation8-1.pl,cbr_15,"[wood3,wood8,wood14,pig2]",0.7083333333333333,1.4578300240000317,15917446
mch,2000,situation8-1.pl,cbr_15,"[wood3,wood8,wood14,pig2]",0.7083333333333333,21.69315361100007,278310630
wmch,2000,situation8-1.pl,cbr_15,"[wood5,wood8,wood14,pig2]",0.7083333333333333,21.580156318000263,277917618
random,2000,situation9-1.pl,cbr_6,"[stone45,wood10,stone16,pig1]",0.76,7.884024106999732,81923231
random,2000,situation10-1.pl,cbr_18,"[wood18,wood13,ice8,ice7,pig2,pig1,wood1]",0.7258064516129032,0.7791618139999628,8697525
mch,2000,situation10-1.pl,cbr_18,"[wood0,wood13,ice28,ice7,pig0,pig1,wood1]",0.935483870967742,24.074214052000116,298588176
wmch,2000,situation10-1.pl,cbr_18,"[wood0,wood13,ice28,ice7,pig0,pig1,wood1]",0.935483870967742,24.179165454000213,299631378
random,2000,situation11-1.pl,cbr_18,"[wood1,wood3,ice40,ice12,pig1,pig2,wood0]",0.6129032258064516,3.7079971620000833,38920400
random,2000,situation12-1.pl,cbr_15,"[wood28,wood13,wood29,pig6]",0.625,1.697127824999825,18501188
mch,2000,situation12-1.pl,cbr_15,"[wood28,wood15,wood29,pig6]",0.6666666666666667,6.020449721999739,76199216
wmch,2000,situation12-1.pl,cbr_15,"[wood28,wood15,wood29,pig6]",0.6666666666666667,6.048014107000199,76880636
random,2000,situation13-1.pl,cbr_2,"[wood24,ice15,stone18,stone14,wood33,stone23,ice26,ice28,ice32,wood3,pig2,pig3,ice22]",0.7733990147783252,4.895575122000082,53634669
mch,2000,situation13-1.pl,cbr_6,"[stone9,wood3,stone2,pig0]",0.8,21.25544238199973,275190474
wmch,2000,situation13-1.pl,cbr_6,"[stone9,wood3,stone2,pig0]",0.8,21.301281926999764,276623591
random,2000,situation14-1.pl,cbr_15,"[wood8,wood13,wood27,pig3]",0.625,1.1538068219997513,13317795
mch,2000,situation14-1.pl,cbr_15,"[wood25,wood11,wood27,pig3]",0.7083333333333333,9.14478324699985,119095334
wmch,2000,situation14-1.pl,cbr_15,"[wood25,wood11,wood27,pig3]",0.7083333333333333,9.229562993999934,119715993
random,2000,situation15-1.pl,cbr_10,"[stone19,ice3,ice0,stone20,ice2,ice10,ice15,ice13,stone27,pig3,ice11,ice9,ice5,ice7]",0.84,2.067119584000011,22015083
mch,2000,situation15-1.pl,cbr_10,"[stone23,ice3,ice7,stone24,ice8,ice5,ice11,ice13,stone27,pig1,ice0,ice15,ice9,ice10]",0.96,20.952293101000123,261375440
wmch,2000,situation15-1.pl,cbr_10,"[stone23,ice3,ice7,stone24,ice8,ice5,ice11,ice13,stone27,pig1,ice0,ice9,ice10,ice15]",0.972,19.665365334999933,245290066
random,2000,situation16-1.pl,cbr_15,"[wood0,wood2,wood19,pig1]",0.7083333333333333,2.1991809680002916,25293281
mch,2000,situation16-1.pl,cbr_15,"[wood0,wood2,wood19,pig1]",0.7083333333333333,9.260380287000316,119912594
wmch,2000,situation16-1.pl,cbr_15,"[wood0,wood2,wood19,pig1]",0.7083333333333333,9.29600795100032,120111922
random,2000,situation17-1.pl,cbr_6,"[stone18,wood13,stone16,pig6]",0.56,1.4838249129998076,15782926
mch,2000,situation17-1.pl,cbr_5,"[stone16,wood11,pig6]",0.6666666666666667,4.840361774999565,61551468
wmch,2000,situation17-1.pl,cbr_5,"[stone16,wood9,pig6]",0.6666666666666667,4.853498429999945,61755940
random,2000,situation18-1.pl,cbr_1,"[wood1,stone7,wood25,wood3,wood17,wood5,pig0,wood9,wood4]",0.63,1.8062561840001763,18489445
mch,2000,situation18-1.pl,cbr_1,"[wood1,stone12,wood0,wood3,wood25,wood5,pig0,wood2,wood4]",0.97,1.346975883000141,15438523
wmch,2000,situation18-1.pl,cbr_1,"[wood1,stone12,wood0,wood3,wood25,wood5,pig0,wood2,wood4]",0.97,2.5700419149998197,29406890
random,2000,situation19-1.pl,cbr_6,"[stone29,wood17,stone20,pig0]",0.64,1.8013879939999242,18527476
random,2000,situation20-1.pl,cbr_15,"[wood20,wood9,wood18,pig1]",0.5833333333333333,2.9735027009996884,32283387
mch,2000,situation20-1.pl,cbr_17,"[wood20,wood28,wood26,wood21,pig1,wood24]",0.6170212765957447,18.464541153000027,241558967
wmch,2000,situation20-1.pl,cbr_27,"[wood20,wood26,wood21,wood24,pig1,wood28]",0.6170212765957447,18.25839181299989,239416038
random,2000,situation21-1.pl,cbr_18,"[wood28,wood43,ice61,ice40,pig1,pig2,wood25]",0.6935483870967742,5.805577276999884,64641877
random,2500,situation1-1.pl,cbr_20,"[ice5,stone4,wood2,wood7,ice1,wood0,ice14,pig2,ice19]",0.7102803738317758,3.436403200999848,37302810
mch,2500,situation1-1.pl,cbr_20,"[ice3,stone4,wood6,wood7,ice5,wood0,ice1,pig2,ice8]",0.9158878504672897,13.7295866569998,172001828
wmch,2500,situation1-1.pl,cbr_20,"[ice3,stone4,wood6,wood7,ice5,wood0,ice1,pig2,ice8]",0.9158878504672897,10.93554376100019,138462653
random,2500,situation2-1.pl,cbr_5,"[stone7,wood6,pig3]",1,0.4821520320001582,5013561
mch,2500,situation2-1.pl,cbr_6,"[stone5,wood2,stone3,pig1]",0.96,0.5228608439997515,6274313
wmch,2500,situation2-1.pl,cbr_5,"[stone3,wood2,pig1]",0.9333333333333333,0.4226503480003885,5114328
random,2500,situation3-1.pl,cbr_23,"[stone19,ice2,wood1,ice4,wood11,pig2,stone24]",0.6031746031746033,1.9118828969999413,20935122
mch,2500,situation3-1.pl,cbr_15,"[wood1,wood7,wood37,pig1]",0.625,15.497132497000166,198240970
wmch,2500,situation3-1.pl,cbr_15,"[wood1,wood7,wood37,pig1]",0.625,15.568635132000054,197713005
random,2500,situation4-1.pl,cbr_15,"[wood13,wood11,wood30,pig3]",0.625,4.114963731999978,46979000
random,2500,situation5-1.pl,cbr_6,"[stone36,wood5,stone55,pig0]",0.64,4.181191756000317,46576081
random,2500,situation6-1.pl,cbr_9,"[wood5,wood18,wood6,wood4,wood24,pig4]",0.6326530612244898,2.121066988000166,21259106
mch,2500,situation6-1.pl,cbr_9,"[wood7,wood20,wood6,wood4,wood24,pig3]",0.6938775510204082,53.876179052000225,702257380
wmch,2500,situation6-1.pl,cbr_9,"[wood14,wood21,wood13,wood3,wood24,pig2]",0.6734693877551021,54.04101209999999,703999083
random,2500,situation7-1.pl,cbr_18,"[wood18,wood21,ice19,ice3,pig0,pig3,wood2]",0.6129032258064516,2.7649706580000384,28614337
mch,2500,situation7-1.pl,cbr_18,"[wood6,wood18,ice19,ice3,pig0,pig1,wood2]",0.6129032258064516,9.648825205999856,120219206
wmch,2500,situation7-1.pl,cbr_18,"[wood18,wood21,ice19,ice3,pig0,pig3,wood2]",0.6129032258064516,9.716399708999688,121031094
random,2500,situation8-1.pl,cbr_15,"[wood4,wood8,wood14,pig2]",0.7083333333333333,1.851455313000315,19892785
mch,2500,situation8-1.pl,cbr_15,"[wood5,wood8,wood14,pig2]",0.7083333333333333,27.08074898699988,346053358
wmch,2500,situation8-1.pl,cbr_15,"[wood3,wood8,wood14,pig2]",0.7083333333333333,27.061012439000024,347580153
random,2500,situation9-1.pl,cbr_9,"[wood14,wood31,wood13,wood28,wood27,pig0]",0.7755102040816326,9.926029691999702,102240146
random,2500,situation10-1.pl,cbr_18,"[wood18,wood0,ice28,ice7,pig0,pig1,wood5]",0.7258064516129032,0.99259720200007,10849743
mch,2500,situation10-1.pl,cbr_18,"[wood0,wood13,ice28,ice7,pig0,pig1,wood1]",0.935483870967742,30.476403871000002,375853647
wmch,2500,situation10-1.pl,cbr_18,"[wood0,wood13,ice28,ice7,pig0,pig1,wood1]",0.935483870967742,30.41215198700047,374817794
random,2500,situation11-1.pl,cbr_18,"[wood1,wood39,ice46,ice7,pig0,pig3,wood0]",0.5967741935483871,4.658330608999677,48530357
random,2500,situation12-1.pl,cbr_15,"[wood28,wood15,wood29,pig6]",0.6666666666666667,2.151638520999768,23202454
mch,2500,situation12-1.pl,cbr_15,"[wood28,wood15,wood29,pig6]",0.6666666666666667,7.648090681999747,95555562
wmch,2500,situation12-1.pl,cbr_15,"[wood28,wood15,wood29,pig6]",0.6666666666666667,7.677748557999621,95613497
random,2500,situation13-1.pl,cbr_2,"[wood24,ice21,stone18,stone13,wood0,stone23,ice22,ice28,ice32,wood34,pig0,pig3,ice12]",0.7635467980295567,6.2760265819997585,67319768
mch,2500,situation13-1.pl,cbr_6,"[stone9,wood3,stone2,pig0]",0.8,26.862161101999845,343131910
wmch,2500,situation13-1.pl,cbr_6,"[stone9,wood3,stone2,pig0]",0.8,27.007069570000567,343892911
random,2500,situation14-1.pl,cbr_15,"[wood8,wood10,wood27,pig3]",0.625,1.4775691470003949,16645364
mch,2500,situation14-1.pl,cbr_15,"[wood25,wood11,wood27,pig3]",0.7083333333333333,11.795457635000275,151284113
wmch,2500,situation14-1.pl,cbr_15,"[wood25,wood11,wood27,pig3]",0.7083333333333333,11.611018352999963,149593928
random,2500,situation15-1.pl,cbr_10,"[stone33,ice3,ice11,stone24,ice8,ice10,ice0,ice17,stone27,pig1,ice7,ice15,ice9,ice5]",0.8240000000000001,2.61803836099989,27499310
mch,2500,situation15-1.pl,cbr_10,"[stone23,ice3,ice0,stone24,ice12,ice7,ice15,ice13,stone27,pig1,ice9,ice10,ice11,ice5]",0.92,21.633581281999795,269784298
wmch,2500,situation15-1.pl,cbr_10,"[stone23,ice3,ice7,stone24,ice8,ice5,ice15,ice13,stone27,pig1,ice0,ice10,ice9,ice11]",0.972,24.28979695900034,299556391
random,2500,situation16-1.pl,cbr_15,"[wood0,wood2,wood19,pig1]",0.7083333333333333,2.814652821999516,31603328
mch,2500,situation16-1.pl,cbr_15,"[wood0,wood2,wood19,pig1]",0.7083333333333333,11.815899526000067,149766974
wmch,2500,situation16-1.pl,cbr_15,"[wood0,wood2,wood19,pig1]",0.7083333333333333,11.754129889000069,150003156
random,2500,situation17-1.pl,cbr_6,"[stone20,wood9,stone16,pig6]",0.56,1.8760172120000789,19689740
mch,2500,situation17-1.pl,cbr_5,"[stone16,wood13,pig6]",0.6666666666666667,6.164278465999814,77363851
wmch,2500,situation17-1.pl,cbr_5,"[stone16,wood11,pig6]",0.6666666666666667,6.145156422999207,76884971
random,2500,situation18-1.pl,cbr_5,"[stone28,wood2,pig0]",0.6,2.3048930499999187,23099951
mch,2500,situation18-1.pl,cbr_1,"[wood1,stone12,wood0,wood3,wood25,wood5,pig0,wood2,wood4]",0.97,1.6919657270000243,19390584
wmch,2500,situation18-1.pl,cbr_1,"[wood1,stone12,wood0,wood3,wood25,wood5,pig0,wood2,wood4]",0.97,0.9012243480001416,10211670
random,2500,situation19-1.pl,cbr_6,"[stone29,wood14,stone20,pig0]",0.64,2.283982810999987,23194805
random,2500,situation20-1.pl,cbr_15,"[wood16,wood1,wood22,pig1]",0.5833333333333333,3.79583791999994,40393917
mch,2500,situation20-1.pl,cbr_17,"[wood20,wood28,wood26,wood21,pig1,wood24]",0.6170212765957447,23.374373656999524,300193000
wmch,2500,situation20-1.pl,cbr_17,"[wood20,wood28,wood26,wood21,pig1,wood24]",0.6170212765957447,23.253399447000447,300474871
random,2500,situation21-1.pl,cbr_18,"[wood38,wood20,ice57,ice7,pig0,pig2,wood43]",0.6612903225806452,7.449345023000205,80761900
random,5000,situation1-1.pl,cbr_15,"[wood0,wood2,wood16,pig2]",0.625,7.046274965000521,74516201
mch,5000,situation1-1.pl,cbr_20,"[ice3,stone4,wood6,wood7,ice5,wood0,ice1,pig2,ice8]",0.9158878504672897,24.703433140000016,308022230
wmch,5000,situation1-1.pl,cbr_20,"[ice3,stone4,wood6,wood7,ice5,wood0,ice1,pig1,ice8]",0.9158878504672897,27.486342278999473,343370498
random,5000,situation2-1.pl,cbr_5,"[stone7,wood6,pig3]",1,0.9629694059995018,9970951
mch,5000,situation2-1.pl,cbr_6,"[stone5,wood2,stone3,pig1]",0.96,1.4428317259998948,16905518
wmch,5000,situation2-1.pl,cbr_6,"[stone5,wood2,stone3,pig1]",0.96,1.2616920939999545,14822235
random,5000,situation3-1.pl,cbr_15,"[wood1,wood7,wood37,pig1]",0.625,4.026547173000836,41824197
mch,5000,situation3-1.pl,cbr_15,"[wood1,wood7,wood37,pig1]",0.625,31.165045505000307,393702482
wmch,5000,situation3-1.pl,cbr_15,"[wood1,wood7,wood37,pig1]",0.625,31.09523901600005,391224866
random,5000,situation4-1.pl,cbr_15,"[wood25,wood12,wood30,pig3]",0.625,8.982722660000036,93831342
random,5000,situation5-1.pl,cbr_6,"[stone36,wood5,stone1,pig0]",0.6799999999999999,8.609840667999379,92886171
random,5000,situation6-1.pl,cbr_9,"[wood0,wood20,wood8,wood4,wood24,pig2]",0.6326530612244898,4.209405263000008,42192463
random,5000,situation7-1.pl,cbr_18,"[wood18,wood21,ice19,ice3,pig0,pig3,wood2]",0.6129032258064516,5.599497241999416,57295454
mch,5000,situation7-1.pl,cbr_18,"[wood6,wood18,ice19,ice3,pig1,pig3,wood2]",0.6129032258064516,19.662669301000278,239894231
wmch,5000,situation7-1.pl,cbr_18,"[wood6,wood18,ice19,ice3,pig0,pig3,wood2]",0.6129032258064516,19.69605404699996,241655063
random,5000,situation8-1.pl,cbr_15,"[wood4,wood9,wood14,pig2]",0.6666666666666667,3.7343772180001906,39771496
mch,5000,situation8-1.pl,cbr_15,"[wood3,wood8,wood14,pig2]",0.7083333333333333,55.01268159399933,694709115
wmch,5000,situation8-1.pl,cbr_15,"[wood3,wood8,wood14,pig2]",0.7083333333333333,54.80652142800045,693110376
random,5000,situation9-1.pl,cbr_6,"[stone37,wood10,stone16,pig1]",0.76,20.294765161000214,205142240
random,5000,situation10-1.pl,cbr_18,"[wood0,wood23,ice28,ice7,pig0,pig1,wood1]",0.8709677419354839,2.025005399999827,21578812
random,5000,situation11-1.pl,cbr_18,"[wood1,wood3,ice15,ice24,pig0,pig3,wood0]",0.6290322580645161,9.432146836999891,96830007
random,5000,situation12-1.pl,cbr_15,"[wood28,wood15,wood30,pig6]",0.625,4.383395145000577,46283566
mch,5000,situation12-1.pl,cbr_15,"[wood28,wood15,wood29,pig6]",0.6666666666666667,15.564780354000504,190863741
wmch,5000,situation12-1.pl,cbr_15,"[wood28,wood15,wood29,pig6]",0.6666666666666667,15.576376341000469,190962961
random,5000,situation13-1.pl,cbr_2,"[wood27,ice21,stone18,stone2,wood1,stone23,ice26,ice28,ice32,wood35,pig0,pig3,ice22]",0.8177339901477833,12.57742335399962,134626723
mch,5000,situation13-1.pl,cbr_6,"[stone9,wood3,stone2,pig0]",0.8,54.585101914000006,686987249
wmch,5000,situation13-1.pl,cbr_6,"[stone9,wood3,stone2,pig0]",0.8,54.63050297600057,691262452
random,5000,situation14-1.pl,cbr_15,"[wood6,wood11,wood27,pig3]",0.625,2.9815049600001657,33216806
mch,5000,situation14-1.pl,cbr_15,"[wood25,wood11,wood27,pig3]",0.7083333333333333,23.5991804639998,299032694
wmch,5000,situation14-1.pl,cbr_15,"[wood25,wood13,wood27,pig3]",0.7083333333333333,23.610071895000146,299602860
random,5000,situation15-1.pl,cbr_10,"[stone19,ice6,ice9,stone25,ice8,ice0,ice10,ice13,stone27,pig2,ice11,ice15,ice5,ice7]",0.852,5.239742634999857,54766609
mch,5000,situation15-1.pl,cbr_10,"[stone23,ice3,ice7,stone24,ice8,ice0,ice5,ice13,stone27,pig1,ice9,ice10,ice11,ice15]",0.912,46.676011296999604,577809161
wmch,5000,situation15-1.pl,cbr_10,"[stone23,ice3,ice7,stone24,ice8,ice5,ice15,ice13,stone27,pig1,ice0,ice9,ice11,ice10]",0.98,45.89313806900009,564073896
random,5000,situation16-1.pl,cbr_15,"[wood0,wood2,wood19,pig1]",0.7083333333333333,5.6688273979998485,63074339
mch,5000,situation16-1.pl,cbr_15,"[wood0,wood2,wood19,pig1]",0.7083333333333333,23.739159208000274,298739445
wmch,5000,situation16-1.pl,cbr_15,"[wood0,wood2,wood19,pig1]",0.7083333333333333,23.743797758000255,299862300
random,5000,situation17-1.pl,cbr_6,"[stone20,wood11,stone16,pig6]",0.56,3.8102158729998337,39337862
mch,5000,situation17-1.pl,cbr_5,"[stone16,wood9,pig6]",0.6666666666666667,12.461996165000528,154827446
wmch,5000,situation17-1.pl,cbr_5,"[stone16,wood11,pig6]",0.6666666666666667,12.420174866000707,154042582
random,5000,situation18-1.pl,cbr_1,"[wood1,stone6,wood17,wood3,wood22,wood5,pig0,wood0,wood4]",0.69,4.6216660790005335,46252878
mch,5000,situation18-1.pl,cbr_1,"[wood1,stone12,wood0,wood3,wood25,wood5,pig0,wood2,wood4]",0.97,4.86071331400035,54935082
wmch,5000,situation18-1.pl,cbr_1,"[wood1,stone12,wood0,wood3,wood25,wood5,pig0,wood2,wood4]",0.97,11.122642028999508,124356329
random,5000,situation19-1.pl,cbr_6,"[stone29,wood17,stone20,pig0]",0.64,4.60533363400009,46332090
random,5000,situation20-1.pl,cbr_15,"[wood0,wood1,wood18,pig0]",0.5833333333333333,7.682232481000028,80792116
mch,5000,situation20-1.pl,cbr_17,"[wood20,wood28,wood26,wood21,pig1,wood24]",0.6170212765957447,47.135538706999796,601725527
wmch,5000,situation20-1.pl,cbr_17,"[wood20,wood28,wood26,wood21,pig1,wood24]",0.6170212765957447,47.03264590799972,603563590
random,5000,situation21-1.pl,cbr_15,"[wood15,wood18,wood42,pig1]",0.6666666666666667,14.969330570000238,161318646
random,10000,situation1-1.pl,cbr_20,"[ice5,stone4,wood22,wood7,ice23,wood0,ice1,pig0,ice17]",0.6542056074766356,14.241894689000219,148955238
mch,10000,situation1-1.pl,cbr_20,"[ice3,stone4,wood6,wood7,ice5,wood0,ice1,pig2,ice8]",0.9158878504672897,46.60910319600043,577421050
wmch,10000,situation1-1.pl,cbr_20,"[ice5,stone4,wood6,wood0,ice3,wood7,ice1,pig0,ice8]",0.897196261682243,37.53026564999982,471336107
random,10000,situation2-1.pl,cbr_5,"[stone7,wood6,pig3]",1,1.9474277729996174,20012759
mch,10000,situation2-1.pl,cbr_6,"[stone5,wood2,stone3,pig1]",0.96,2.825329208999392,33041064
wmch,10000,situation2-1.pl,cbr_6,"[stone1,wood6,stone7,pig3]",0.6799999999999999,1.4382525430000896,17549600
random,10000,situation3-1.pl,cbr_15,"[wood1,wood7,wood37,pig1]",0.625,8.08195179500035,83471442
random,10000,situation4-1.pl,cbr_15,"[wood4,wood12,wood30,pig1]",0.6666666666666667,17.62042706200009,187643924
random,10000,situation5-1.pl,cbr_6,"[stone37,wood5,stone2,pig0]",0.6799999999999999,17.158528808000483,185693589
random,10000,situation6-1.pl,cbr_9,"[wood0,wood20,wood21,wood4,wood24,pig2]",0.6326530612244898,8.431443436000336,84559635
random,10000,situation7-1.pl,cbr_6,"[stone10,wood6,stone5,pig2]",0.6,10.741132854999705,114783206
mch,10000,situation7-1.pl,cbr_18,"[wood18,wood21,ice19,ice3,pig1,pig3,wood2]",0.6129032258064516,37.4503638719998,480185880
wmch,10000,situation7-1.pl,cbr_18,"[wood2,wood21,ice19,ice3,pig0,pig3,wood8]",0.6129032258064516,37.4136869010008,481919082
random,10000,situation8-1.pl,cbr_15,"[wood4,wood8,wood14,pig2]",0.7083333333333333,7.129009862000203,79533681
random,10000,situation9-1.pl,cbr_9,"[wood14,wood44,wood13,wood36,wood27,pig0]",0.8163265306122449,39.02461930000027,411248743
random,10000,situation10-1.pl,cbr_18,"[wood0,wood13,ice28,ice24,pig2,pig1,wood1]",0.7580645161290323,3.860133879999921,43060581
random,10000,situation11-1.pl,cbr_18,"[wood27,wood31,ice43,ice13,pig1,pig2,wood19]",0.6129032258064516,18.133846747999996,193579226
random,10000,situation12-1.pl,cbr_15,"[wood28,wood15,wood29,pig6]",0.6666666666666667,8.375551705999897,92634971
mch,10000,situation12-1.pl,cbr_15,"[wood28,wood15,wood29,pig6]",0.6666666666666667,29.619683230999726,381017617
wmch,10000,situation12-1.pl,cbr_15,"[wood28,wood15,wood29,pig6]",0.6666666666666667,29.75487625599999,381455052
random,10000,situation13-1.pl,cbr_2,"[wood27,ice15,stone18,stone9,wood1,stone11,ice26,ice28,ice32,wood35,pig2,pig1,ice22]",0.8423645320197044,24.200734011999884,269037205
random,10000,situation14-1.pl,cbr_15,"[wood8,wood11,wood27,pig1]",0.625,5.735524986999735,66384818
mch,10000,situation14-1.pl,cbr_15,"[wood25,wood11,wood27,pig3]",0.7083333333333333,45.48479572399992,601392136
wmch,10000,situation14-1.pl,cbr_15,"[wood25,wood11,wood27,pig3]",0.7083333333333333,44.71107837999989,592674932
random,10000,situation15-1.pl,cbr_10,"[stone21,ice3,ice11,stone20,ice12,ice7,ice5,ice17,stone27,pig2,ice0,ice9,ice10,ice15]",0.86,10.078453523000462,109102298
random,10000,situation16-1.pl,cbr_15,"[wood0,wood2,wood19,pig1]",0.7083333333333333,10.940576560999943,126025304
mch,10000,situation16-1.pl,cbr_15,"[wood0,wood2,wood19,pig1]",0.7083333333333333,45.663713647000804,599481147
wmch,10000,situation16-1.pl,cbr_15,"[wood0,wood2,wood19,pig1]",0.7083333333333333,45.59473396199974,599769190
random,10000,situation17-1.pl,cbr_6,"[stone18,wood13,stone16,pig6]",0.56,7.362819683001362,78565201
mch,10000,situation17-1.pl,cbr_5,"[stone16,wood11,pig6]",0.6666666666666667,25.049805994998678,308990632
wmch,10000,situation17-1.pl,cbr_5,"[stone16,wood11,pig6]",0.6666666666666667,24.74300769399997,309175716
random,10000,situation18-1.pl,cbr_1,"[wood0,stone18,wood16,wood4,wood9,wood5,pig0,wood2,wood3]",0.6599999999999999,9.298283935000654,92395741
mch,10000,situation18-1.pl,cbr_1,"[wood1,stone12,wood0,wood3,wood25,wood5,pig0,wood2,wood4]",0.97,12.682487007999953,143350912
wmch,10000,situation18-1.pl,cbr_1,"[wood1,stone12,wood0,wood3,wood25,wood5,pig0,wood2,wood4]",0.97,6.425340293000772,71862018
random,10000,situation19-1.pl,cbr_1,"[wood1,stone15,wood16,wood4,wood22,wood5,pig0,wood2,wood3]",0.6799999999999999,9.175627296999664,92590979
random,10000,situation20-1.pl,cbr_15,"[wood16,wood7,wood22,pig1]",0.5833333333333333,15.128615142000854,160494936
random,10000,situation21-1.pl,cbr_18,"[wood38,wood21,ice57,ice7,pig0,pig2,wood43]",0.6774193548387097,30.08231806799995,322511814
